"CRIM","ZN","INDUS","NOX","RM","AGE","RAD","TAX","PTRATIO","LSTAT","MEDV"
-5.06403607082337,4.24264068711928,0.837247524533702,1.36335470787303,284.241359375,277167.808,1,0.0581238193719096,3581.577,0.448110714948221,24
-3.60050234349652,0,1.95586047990848,1.46020415081142,264.732956461,491169.069,8,0.0642824346533225,5639.752,0.330770600827811,21.6
-3.60123494426189,0,1.95586047990848,1.46020415081142,370.920056625,228099.131,8,0.0642824346533225,5639.752,0.498135481386718,34.7
-3.43052321104398,0,0.779324876800998,1.47763531141385,342.706083992,96071.912,27,0.0671156055214024,6539.203,0.583211843519804,33.4
-2.67292439912684,0,0.779324876800998,1.47763531141385,365.065965523,159220.088,27,0.0671156055214024,6539.203,0.43314808182421,36.2
-3.51157043914353,0,0.779324876800998,1.47763531141385,265.847707,202262.003,27,0.0671156055214024,6539.203,0.438107954338324,28.7
-2.42712842806865,3.53553390593274,2.06305806242931,1.38144740998884,217.298593728,295408.296,125,0.0567047977123743,3511.808,0.2836380138987,22.9
-1.93412981051978,3.53553390593274,2.06305806242931,1.38144740998884,235.113600448,887503.681,125,0.0567047977123743,3511.808,0.228515472449515,27.1
-1.5547603511434,3.53553390593274,2.06305806242931,1.38144740998884,178.548654591,1e+06,125,0.0567047977123743,3511.808,0.182787562533778,16.5
-2.14157229714634,3.53553390593274,2.06305806242931,1.38144740998884,216.973458729,569722.789,125,0.0567047977123743,3511.808,0.274514025623014,18.9
-2.3668036653207,3.53553390593274,2.06305806242931,1.38144740998884,204.232410369,59319,125,0.0567047977123743,3511.808,0.252296896022997,21.7
-0.462416484558303,0,2.09679018001445,1.36335470787303,210.538685349,236029.032,64,0.057073014553535,9261,0.34794450031961,20.4
-0.449479693527584,0,2.09679018001445,1.36335470787303,226.534772736,603351.125,64,0.057073014553535,9261,0.312195270527231,18.2
-0.46618692214761,0,2.09679018001445,1.36335470787303,198.563433704,180362.125,64,0.057073014553535,9261,0.343604066372025,19.9
-0.243091189123906,0,2.09679018001445,1.36335470787303,214.921799,545338.513,64,0.057073014553535,9261,0.261086816662652,17.5
-0.219761775967802,0,2.09679018001445,1.36335470787303,162.413858816,49027.896,64,0.057073014553535,9261,0.292477690287062,20.2
-0.320480784203167,0,2.09679018001445,1.36335470787303,187.837175583,335702.375,64,0.057073014553535,9261,0.297745667087707,18.2
0.224574526979991,0,2.09679018001445,1.36335470787303,172.808693,944076.141,64,0.057073014553535,9261,0.218114051119841,13.6
-0.160121804898053,0,2.09679018001445,1.36335470787303,212.242007125,709732.288,64,0.057073014553535,9261,0.268898828370022,19.6
0.209020285867676,0,2.09679018001445,1.36335470787303,231.701815288,771095.213,64,0.057073014553535,9261,0.231125081760512,15.2
-0.0116374532441208,0,2.09679018001445,1.36335470787303,196.426902797,1e+06,64,0.057073014553535,9261,0.224280652008128,14.5
-0.17371073654606,0,2.09679018001445,1.36335470787303,175.521936799,629422.793,64,0.057073014553535,9261,0.246108414947426,13.9
-0.397630875999648,0,2.09679018001445,1.36335470787303,196.426902797,736314.327,64,0.057073014553535,9261,0.259849850167371,16.6
-0.0452379806501943,0,2.09679018001445,1.36335470787303,221.115865823,700227.072,64,0.057073014553535,9261,0.240562612162344,14.8
-0.257489167089002,0,2.09679018001445,1.36335470787303,273.991737375,841232.384,64,0.057073014553535,9261,0.279508497187474,18.4
0.00244700364305185,0,2.09679018001445,1.36335470787303,297.275150024,665338.617,64,0.057073014553535,9261,0.288915998328494,21
0.122934190094978,0,2.09679018001445,1.36335470787303,186.463002097,833237.621,64,0.057073014553535,9261,0.210351580955836,12.7
0.30359479091183,0,2.09679018001445,1.36335470787303,223.869685248,1e+06,64,0.057073014553535,9261,0.276924387810856,14.5
0.327856657447708,0,2.09679018001445,1.36335470787303,210.644875,551368,64,0.057073014553535,9261,0.189968562804069,13.2
0.141256477175355,0,2.09679018001445,1.36335470787303,185.290487101,857375,64,0.057073014553535,9261,0.233443596627835,13.1
0.477984199611674,0,2.09679018001445,1.36335470787303,226.534772736,909853.209,64,0.057073014553535,9261,0.221730035079246,13.5
-2.74621946721971,0,1.78507048107726,1.41562990079754,208.844501237,317214.568,125,0.059868434008925,7077.888,0.321412173266612,18.9
-2.32851847502055,0,1.78507048107726,1.41562990079754,199.279038321,231475.544,125,0.059868434008925,7077.888,0.296044623208668,20
-2.52398017377414,0,1.78507048107726,1.41562990079754,200.201625,71473.375,125,0.059868434008925,7077.888,0.337676006726587,21
-1.74268363158146,0,1.78507048107726,1.41562990079754,212.348768696,27543.608,125,0.059868434008925,7077.888,0.314192111803347,24.7
-3.58885314004681,8.66025403784439,1.08180517035173,1.52854460128936,286.843094875,10360.232,27,0.0629940788348712,6128.487,0.481125224324688,30.8
-2.06010961338034,0,1.93296963777958,1.49403576166799,310.288733,24.389,27,0.0655121782080418,5735.339,0.454545454545455,26.6
-1.95545556189884,0,1.93296963777958,1.49403576166799,234.770924809,287.496,27,0.0655121782080418,5735.339,0.414869906822511,25.3
-1.83658948514585,0,1.93296963777958,1.49403576166799,239.598771931,274.625,27,0.0655121782080418,5735.339,0.366617787553383,24.7
-1.66940025360678,0,1.93296963777958,1.49403576166799,193.702527656,36926.037,27,0.0655121782080418,5735.339,0.265840888675675,20
-1.47285493064757,0,1.93296963777958,1.49403576166799,219.256227,625026.375,27,0.0655121782080418,5735.339,0.230632802007221,16.6
-1.37093295400719,0,1.93296963777958,1.49403576166799,157.376536199,865523.177,27,0.0655121782080418,5735.339,0.180158248443725,14.4
-1.51517373404402,0,1.93296963777958,1.49403576166799,175.804227208,238328,27,0.0655121782080418,5735.339,0.248451997499977,19.4
-2.42215722813489,4.58257569495584,1.72988406550997,1.50927278118246,212.028591347,95443.993,64,0.0641500299099584,4741.632,0.272670941574606,19.7
-2.92620621090538,4.58257569495584,1.72988406550997,1.50927278118246,276.021610831,9393.931,64,0.0641500299099584,4741.632,0.435194139889245,25
-4.29768548624013,8.66025403784439,1.38629436111989,1.56173761888606,204.128387072,107850.176,27,0.046175709653961,9393.931,0.259937622455018,18.9
-4.24609811744964,10,0.27763173659828,1.55983653769583,316.656746496,66430.125,125,0.0625,3442.951,0.503154605426628,31.6
-1.86788485961755,5,1.63510565918268,1.48576765302109,232.041498625,24897.088,512,0.0593390829096927,7645.373,0.381801774160606,23.3
-2.27031153244375,5,1.63510565918268,1.48576765302109,208.211532983,105154.048,512,0.0593390829096927,7645.373,0.329332460969392,19.6
-1.90166362493575,5,1.63510565918268,1.48576765302109,189.218084021,290117.528,512,0.0593390829096927,7645.373,0.275763716569867,18.7
-2.20482337521155,5,1.63510565918268,1.48576765302109,269.085666816,311665.752,512,0.0593390829096927,7645.373,0.38547167224585,22.2
-3.93682812434712,4.18330013267038,0.322083499169113,1.55024786569288,358.516260864,210644.875,27,0.0680413817439772,6434.856,0.352453688425121,33
-3.12834979816883,8.94427190999916,1.21491274436427,1.5851065623706,193.802978403,30080.231,64,0.0544734710702843,4173.281,0.3125,19.4
-2.84921062089122,3.53553390593274,1.80335860507141,1.56364566800191,203.090096152,9800.344,64,0.0538381902058166,6751.269,0.351364184463153,22
-1.99848847927417,3.53553390593274,1.80335860507141,1.56364566800191,175.052124584,49836.032,64,0.0538381902058166,6751.269,0.276394996411391,17.4
-2.05447579566209,3.53553390593274,1.80335860507141,1.56364566800191,203.816529125,35937,64,0.0538381902058166,6751.269,0.337291628677442,20.9
-2.42746827514074,0,2.38047163165112,1.55605511022369,264.238513713,287.496,64,0.0572598334313868,7077.888,0.38575837490523,24.2
-1.84036165106727,0,2.38047163165112,1.55605511022369,211.815318681,5359.375,64,0.0572598334313868,7077.888,0.318142381487889,21.7
-2.38988742139684,0,2.38047163165112,1.55605511022369,223.096324625,474.552,64,0.0572598334313868,7077.888,0.425628265379374,22.8
-1.63275771775572,0,2.38047163165112,1.55605511022369,243.555156125,238.328,64,0.0572598334313868,7077.888,0.364178520364615,23.4
-2.35261602659961,0,2.55178617862755,1.51272255204013,248.383721656,91125,125,0.0501254707117086,6539.203,0.334450031045326,21.4
-2.28740095766901,0,2.55178617862755,1.51272255204013,247.554855639,413493.625,125,0.0501254707117086,6539.203,0.28903665650804,20
-2.44104288614161,0,2.55178617862755,1.51272255204013,231.475544,96071.912,125,0.0501254707117086,6539.203,0.312043239707148,20.8
-2.47848729798582,0,2.55178617862755,1.51272255204013,202.675767624,49027.896,125,0.0501254707117086,6539.203,0.331496772065898,20.3
-3.1910174967398,5,1.5810384379124,1.53212853258974,304.413762583,37595.375,64,0.0596549986271894,6859,0.434782608695652,28
-3.10957308997775,5,1.5810384379124,1.53212853258974,289.986074659,348913.664,64,0.0596549986271894,6859,0.372161463782393,23.9
-3.30798029995102,5,1.5810384379124,1.53212853258974,250.285215608,33386.248,64,0.0596549986271894,6859,0.38575837490523,24.8
-3.33794093202714,5,1.5810384379124,1.53212853258974,234.542659463,101847.563,64,0.0596549986271894,6859,0.364905182584413,22.9
-2.98400135067829,0,1.50185270175416,1.49237109734975,260.794641869,110592,27,0.0636284762975778,6331.625,0.32241294010958,23.9
-2.95882191953389,0,1.50185270175416,1.49237109734975,217.624053375,91733.851,27,0.0636284762975778,6331.625,0.27885569326658,22.5
-2.63791797892183,0,1.50185270175416,1.49237109734975,229.333309561,183250.432,27,0.0636284762975778,6331.625,0.344214195410757,22.2
-2.871746293773,0,1.22671229129543,1.4300313895335,344.030029343,642735.647,8,0.0608580619450185,5639.752,0.426401432711221,23.6
-2.93708607812126,0,1.22671229129543,1.4300313895335,354.744554039,251239.591,8,0.0608580619450185,5639.752,0.418853908291695,28.7
-3.06101774025262,0,1.22671229129543,1.4300313895335,264.238513713,288804.781,8,0.0608580619450185,5639.752,0.336908560264605,22.6
-3.23602198370317,0,1.22671229129543,1.4300313895335,262.758880125,403583.419,8,0.0608580619450185,5639.752,0.349215147884789,22
-3.16937162996511,5.29150262212918,2.71071331852169,1.46805054878676,267.338902888,153990.656,64,0.0608580619450185,6028.568,0.350070021007002,22.9
-3.54911751173878,5.29150262212918,2.71071331852169,1.46805054878676,239.598771931,24137.569,64,0.0608580619450185,6028.568,0.401286176952564,25
-3.1479514865315,5.29150262212918,2.71071331852169,1.46805054878676,244.023456249,461889.917,64,0.0608580619450185,6028.568,0.307292541931501,20.6
-2.10340641913367,0,1.06125650212434,1.49906337799172,290.775390625,193100.552,8,0.0601929265428846,5832,0.387783367164741,28.4
-2.1624753850094,0,1.06125650212434,1.49906337799172,234.086572747,337153.536,8,0.0601929265428846,5832,0.296956935458249,21.4
-2.50262265559378,0,1.06125650212434,1.49906337799172,478.211768,50243.409,8,0.0601929265428846,5832,0.529256124024963,43.8
-2.6794627442503,0,1.06125650212434,1.49906337799172,407.858167296,244140.625,8,0.0601929265428846,5832,0.40193393552907,33.2
-2.16875374536053,0,2.14710019015365,1.38675049056307,311.803677541,362467.097,125,0.0510310363079829,9129.329,0.361079072337059,26.5
-1.47508185993502,0,2.14710019015365,1.38675049056307,262.758880125,622835.864,125,0.0510310363079829,9129.329,0.306713836065872,18.6
-1.55301032113546,0,2.14710019015365,1.38675049056307,231.136413353,667627.624,125,0.0510310363079829,9129.329,0.27277236279499,19.3
-1.96897408865386,0,2.14710019015365,1.38675049056307,234.542659463,729000,125,0.0510310363079829,9129.329,0.284785885905587,20.1
-1.7649228152745,0,2.14710019015365,1.38675049056307,198.767717056,776151.559,125,0.0510310363079829,9129.329,0.23149636727176,19.5
-2.03126108715508,0,2.14710019015365,1.38675049056307,230.008370383,618470.208,125,0.0510310363079829,9129.329,0.266406307723541,20.4
-2.22627241014488,0,2.14710019015365,1.38675049056307,237.751864875,160989.184,125,0.0510310363079829,9129.329,0.277350098112615,21.7
-2.29422017666242,0,2.30358459332713,1.35209229156129,302.787575875,543338.496,216,0.0481125224324688,5639.752,0.313727902569079,22.8
-2.09321597510168,0,2.30358459332713,1.35209229156129,206.739583497,801765.089,216,0.0481125224324688,5639.752,0.248375350267704,18.8
-1.50453750260873,0,2.30358459332713,1.35209229156129,226.089130688,868250.664,216,0.0481125224324688,5639.752,0.24189615691743,18.7
-1.94974750228657,0,2.30358459332713,1.35209229156129,244.609675064,596947.688,216,0.0481125224324688,5639.752,0.309344112444873,18.5
-1.76410539244624,0,2.30358459332713,1.35209229156129,208.316938752,686128.968,216,0.0481125224324688,5639.752,0.251896360929939,18.3
-2.02814024732429,0,2.30358459332713,1.35209229156129,235.571019776,381078.125,216,0.0481125224324688,5639.752,0.288195208852118,21.2
-1.89060790127066,0,2.30358459332713,1.35209229156129,218.275947261,563559.976,216,0.0481125224324688,5639.752,0.311588476424878,19.2
-2.03576921322365,0,2.30358459332713,1.35209229156129,202.468814848,390617.891,216,0.0481125224324688,5639.752,0.255072163746424,20.4
-1.9326780802866,0,2.30358459332713,1.35209229156129,188.231032891,277167.808,216,0.0481125224324688,5639.752,0.271063434911047,19.3
-2.63596212470796,0,3.24454357161678,1.31193383822096,216.432288064,594823.321,8,0.0729324957489473,6967.871,0.264720767589686,20.3
-2.31780025880053,0,3.24454357161678,1.31193383822096,203.193766439,879217.912,8,0.0729324957489473,6967.871,0.238501197875275,18.8
-1.7777382278658,0,3.24454357161678,1.31193383822096,214.491525256,690807.104,8,0.0729324957489473,6967.871,0.259849850167371,21.4
-0.948426601904225,0,3.24454357161678,1.31193383822096,176.841881397,873722.816,8,0.0729324957489473,6967.871,0.191530117127023,15.7
-1.35034823434642,0,3.08602991153477,1.26592420885458,184.511547557,884736,64,0.047836487323494,9528.128,0.241191535097474,16.2
-1.12260789422433,0,3.08602991153477,1.26592420885458,265.971760991,964430.272,64,0.047836487323494,9528.128,0.254906370967291,18
-0.126413924855659,0,3.08602991153477,1.26592420885458,179.120009853,849278.123,64,0.047836487323494,9528.128,0.233507231247152,14.3
-1.0786332063528,0,3.08602991153477,1.26592420885458,269.335823912,967361.669,64,0.047836487323494,9528.128,0.281718084909506,19.2
0.176420848472986,0,3.08602991153477,1.26592420885458,253.155613976,932574.833,64,0.047836487323494,9528.128,0.28559773898877,19.6
-0.527547999910379,0,3.08602991153477,1.26592420885458,258.718390848,938313.739,64,0.047836487323494,9528.128,0.299880071952034,23
-1.10920822788151,0,3.08602991153477,1.26592420885458,197.340672248,868250.664,64,0.047836487323494,9528.128,0.257941077511379,18.4
-0.0241185274088078,0,3.08602991153477,1.26592420885458,190.804533093,952763.904,64,0.047836487323494,9528.128,0.240354061960886,15.6
-0.583790659576773,0,3.08602991153477,1.26592420885458,254.237645375,946966.168,64,0.047836487323494,9528.128,0.242821465589316,18.1
-1.13121812841702,0,3.08602991153477,1.26592420885458,209.796356888,817400.375,64,0.047836487323494,9528.128,0.24325212770526,17.4
-1.0431870425627,0,3.08602991153477,1.26592420885458,268.835664664,952763.904,64,0.047836487323494,9528.128,0.261801634746872,17.1
-1.38709468129066,0,3.08602991153477,1.26592420885458,200.921157793,946966.168,64,0.047836487323494,9528.128,0.216574040912105,13.3
-0.607850606337865,0,3.08602991153477,1.26592420885458,232.721860951,938313.739,64,0.047836487323494,9528.128,0.232747032057864,17.8
-1.23477571348098,0,3.08602991153477,1.26592420885458,235.342236024,820025.856,64,0.047836487323494,9528.128,0.20344711469279,14
0.487745310721893,0,3.08602991153477,1.26592420885458,126.430421859,1e+06,64,0.047836487323494,9528.128,0.170473808498256,14.4
1.20028099798739,0,2.97450863710236,1.07149690886981,157.726585827,1e+06,125,0.0498135481386718,3176.523,0.193094815454497,13.4
1.41035262621296,0,2.97450863710236,1.07149690886981,163.487863232,1e+06,125,0.0498135481386718,3176.523,0.194551056410241,15.6
1.02235739814894,0,2.97450863710236,1.07149690886981,117.865222327,935441.352,125,0.0498135481386718,3176.523,0.184773767534787,11.8
0.866823138301229,0,2.97450863710236,1.07149690886981,230.346397,1e+06,125,0.0498135481386718,3176.523,0.18966081045272,13.8
0.846293070040128,0,2.97450863710236,1.07149690886981,139.475374856,825293.672,125,0.0498135481386718,3176.523,0.187911507000707,17.8
1.00575476530812,0,2.97450863710236,1.07149690886981,175.333911173,854670.349,125,0.0498135481386718,3176.523,0.215916758543765,15.4
0.504767309182027,0,2.97450863710236,1.07149690886981,229.445727848,921167.317,125,0.0498135481386718,3176.523,0.266311820645654,21.5
0.403008760421457,0,2.97450863710236,1.07149690886981,157.814179264,1e+06,125,0.0498135481386718,3176.523,0.274410649974226,19.6
0.119186494791163,0,2.97450863710236,1.07149690886981,125.902161728,681472,125,0.0498135481386718,3176.523,0.287242494810713,15.3
0.346316479810509,0,2.97450863710236,1.07149690886981,230.233684689,884736,125,0.0498135481386718,3176.523,0.25717224993682,17
1.26271612819885,0,2.97450863710236,1.07149690886981,232.835383808,563559.976,125,0.0498135481386718,3176.523,0.258026929095554,15.6
0.201780987950174,0,2.97450863710236,1.28564869306645,334.689043807,924010.424,125,0.0498135481386718,3176.523,0.466760028009337,41.3
0.294786774181713,0,2.97450863710236,1.28564869306645,223.206695496,1e+06,125,0.0498135481386718,3176.523,0.39436150336255,24.3
0.241737605442712,0,2.97450863710236,1.28564869306645,244.140625,794022.776,125,0.0498135481386718,3176.523,0.426401432711221,27
0.606373957027711,0,2.97450863710236,1.28564869306645,474.917133608,946966.168,125,0.0498135481386718,3176.523,0.721687836487032,50
0.418065390083903,0,2.97450863710236,1.28564869306645,587.427734375,827936.019,125,0.0498135481386718,3176.523,0.548821299948452,50
0.807528882678661,0,2.97450863710236,1.28564869306645,200.612575864,773620.632,125,0.0498135481386718,3176.523,0.293105190880275,22.7
1.07295254188753,0,2.97450863710236,1.28564869306645,227.092648301,804357,125,0.0498135481386718,3176.523,0.31927542840705,25
0.587942208360164,0,2.97450863710236,1.28564869306645,202.986461133,496793.088,125,0.0498135481386718,3176.523,0.287005788965146,23.8
0.833083020857462,0,2.97450863710236,1.28564869306645,252.316159759,887503.681,125,0.0498135481386718,3176.523,0.300150112593832,23.8
0.895896169418922,0,2.97450863710236,1.28564869306645,262.389836808,862801.408,125,0.0498135481386718,3176.523,0.297219149138882,22.3
0.188485851761799,0,2.97450863710236,1.28564869306645,202.779296875,846590.536,125,0.0498135481386718,3176.523,0.263249063246328,17.4
-1.97227465848664,0,1.39871688111845,1.40028008402801,172.994909248,693154.125,125,0.0581238193719096,4574.296,0.260909025142775,23.1
-2.38836087001545,0,1.39871688111845,1.40028008402801,264.114999296,594823.321,125,0.0581238193719096,4574.296,0.33259505261887,23.6
-2.47135883724273,0,1.39871688111845,1.40028008402801,201.127054779,324242.703,125,0.0581238193719096,4574.296,0.322078313200415,22.6
-2.65612210824185,0,1.39871688111845,1.40028008402801,218.167208,105154.048,125,0.0581238193719096,4574.296,0.31450273186122,23.2
-2.91415228656157,0,1.39871688111845,1.40028008402801,251.837305875,395446.904,125,0.0581238193719096,4574.296,0.39872611141445,24.6
-2.71175706303354,0,1.39871688111845,1.40028008402801,322.828856,411830.784,125,0.0581238193719096,4574.296,0.380142960634853,29.9
-2.7199203736727,0,0.900161349944271,1.43149583578467,468.192422125,578009.537,27,0.0719815750748694,5639.752,0.363696483726654,39.8
-2.39656615646494,0,0.900161349944271,1.43149583578467,366.293248875,783777.448,27,0.0719815750748694,5639.752,0.455487518674277,37.9
-2.48795127997423,0,0.900161349944271,1.43149583578467,175.992588864,724150.792,27,0.0719815750748694,5639.752,0.26745234757997,26.4
-2.80560790469702,0,0.900161349944271,1.43149583578467,232.948943577,325660.672,27,0.0719815750748694,5639.752,0.275763716569867,29.6
-2.88204650915017,0,0.900161349944271,1.43149583578467,480.232637191,153990.656,27,0.0719815750748694,5639.752,0.474045463139977,50
-2.54147700127639,6.70820393249937,1.23547147138531,1.51272255204013,311.941643768,69426.531,125,0.0501254707117086,3511.808,0.386911616267068,32
-2.07314142913136,6.70820393249937,1.23547147138531,1.51272255204013,281.784327616,24642.171,125,0.0501254707117086,3511.808,0.468292905790847,29.8
-2.48051630148671,6.70820393249937,1.23547147138531,1.51272255204013,370.920056625,58863.869,125,0.0501254707117086,3511.808,0.430730492253948,34.9
-2.40041845334281,6.70820393249937,1.23547147138531,1.51272255204013,335.847303351,9938.375,125,0.0501254707117086,3511.808,0.442807442770048,37
-2.67205584087883,6.70820393249937,1.23547147138531,1.51272255204013,306.045761419,29218.112,125,0.0501254707117086,3511.808,0.46175709653961,30.5
-2.4459936762894,6.70820393249937,1.23547147138531,1.51272255204013,369.837003752,18191.447,125,0.0501254707117086,3511.808,0.590281336100955,36.4
-4.24122175808286,7.74596669241483,1.07500242302898,1.57916610463716,288.019036864,6644.672,1,0.0614295116833951,3796.416,0.477818482567497,29.1
-3.21612959920018,8.94427190999916,0.418710334858185,1.57329193881888,386.942388903,39651.821,8,0.0551317846419971,2000.376,0.495073771488337,33.3
-3.06486801238885,8.94427190999916,0.418710334858185,1.57329193881888,358.970654043,49027.896,8,0.0551317846419971,2000.376,0.340799088295499,30.3
-3.27862582927397,8.94427190999916,0.418710334858185,1.57329193881888,384.875166824,56181.887,8,0.0551317846419971,2000.376,0.388661037168236,34.6
-3.45776773315055,9.74679434480896,0.385262400790645,1.57524270452644,339.338109375,3581.577,27,0.0498754668053816,4913,0.468292905790847,34.9
-4.02968104889638,9.74679434480896,0.385262400790645,1.57524270452644,363.230185375,2685.619,27,0.0498754668053816,4913,0.474045463139977,32.9
-3.82722240373568,9.08295106229247,0.708035793053696,1.55230105141267,440.711081,3869.893,8,0.0536056267418897,3176.523,0.567047977123743,42.3
-3.34955414851032,9.74679434480896,0.985816794522765,1.55024786569288,484.291439477,36594.368,64,0.0668153104781061,3176.523,0.51231551957856,48.5
-3.90753310015529,9.74679434480896,0.985816794522765,1.55024786569288,518.555783304,32461.759,64,0.0668153104781061,3176.523,0.58925565098879,50
-1.99201691675556,0,2.35991015961332,1.4300313895335,204.440562971,11089.567,64,0.060084176812611,6434.856,0.30330895164369,22.6
-1.47102470528047,0,2.35991015961332,1.4300313895335,253.155613976,144703.125,64,0.060084176812611,6434.856,0.301923339319584,24.4
-1.9960567327459,0,2.35991015961332,1.4300313895335,222.985990144,206425.071,64,0.060084176812611,6434.856,0.261175848827785,24.4
-0.830778394549941,0,2.35991015961332,1.4300313895335,152.615747584,1e+06,64,0.060084176812611,6434.856,0.208107644464859,20
-1.74605978997706,0,2.35991015961332,1.4300313895335,211.708736,781229.961,64,0.060084176812611,6434.856,0.240632249625711,21.7
-0.978751413216761,0,2.35991015961332,1.4300313895335,157.814179264,695506.456,64,0.060084176812611,6434.856,0.204209250153383,19.3
-1.52698273249791,0,2.35991015961332,1.4300313895335,195.819292943,155720.872,64,0.060084176812611,6434.856,0.249765954075703,22.4
-1.96240545158451,0,2.35991015961332,1.4300313895335,259.083984375,33698.267,64,0.060084176812611,6434.856,0.32651157422417,28.1
-1.23942728531034,0,2.35991015961332,1.4300313895335,158.516094528,941.192,64,0.060084176812611,6434.856,0.183959092046388,23.7
-1.61938724328777,0,2.35991015961332,1.4300313895335,236.258260568,76225.024,64,0.060084176812611,6434.856,0.324956336925641,25
-3.0878475624618,0,2.63116915676625,1.34839972492648,204.128387072,175616,125,0.0601929265428846,4410.944,0.272064780895472,23.3
-2.65740461643332,0,2.63116915676625,1.34839972492648,293.019561288,616295.051,125,0.0601929265428846,4410.944,0.321246283101618,28.7
-2.2010217775846,0,2.63116915676625,1.34839972492648,210.751100351,825293.672,125,0.0601929265428846,4410.944,0.236227795630767,21.5
-1.02697092752823,0,1.82454929205105,1.40441681411581,335.847303351,693154.125,512,0.057073014553535,5268.024,0.32091527190284,26.7
-0.897199141618634,0,1.82454929205105,1.40441681411581,234.200538944,761048.497,512,0.057073014553535,5268.024,0.215866445888173,21.7
-0.472310287537657,0,1.82454929205105,1.40441681411581,325.518689439,469097.433,512,0.057073014553535,5268.024,0.317340407987688,27.5
-1.15413556947876,0,1.82454929205105,1.40859042454753,564.788965096,480048.687,512,0.057073014553535,5268.024,0.49147318718299,44.8
-0.640687566587583,0,1.82454929205105,1.40859042454753,664.196078125,571787,512,0.057073014553535,5268.024,0.464739412340173,50
-1.21002441175437,0,1.82454929205105,1.40859042454753,454.047344856,4913,512,0.057073014553535,5268.024,0.505076272276105,46.7
-0.816943258373457,0,1.82454929205105,1.40859042454753,281.268868608,9800.344,512,0.057073014553535,5268.024,0.515710623129397,31.5
-0.621757184473272,0,1.82454929205105,1.40859042454753,213.954491141,315821.241,512,0.057073014553535,5268.024,0.292979367654524,24.3
-0.552881017499318,0,1.82454929205105,1.40441681411581,579.467928753,393832.837,512,0.057073014553535,5268.024,0.636284762975778,41.7
-1.10421797118894,0,1.82454929205105,1.40441681411581,560.903285223,348913.664,512,0.057073014553535,5268.024,0.503154605426628,48.3
-0.803162959605968,0,1.82454929205105,1.40441681411581,304.278025176,294079.625,512,0.057073014553535,5268.024,0.352453688425121,29
-1.10729991706568,0,1.82454929205105,1.40441681411581,225.421764056,232608.375,512,0.057073014553535,5268.024,0.303169531295416,24
-0.652811704370542,0,1.82454929205105,1.40441681411581,291.566137591,447697.125,512,0.057073014553535,5268.024,0.323761954119088,25.1
-2.49568452295988,5.47722557505166,1.5953389880546,1.52854460128936,272.223782641,6331.625,216,0.0577350269189626,4574.296,0.396525792859072,23.7
-2.3803304416189,5.47722557505166,1.5953389880546,1.52854460128936,288.280793016,75151.448,216,0.0577350269189626,4574.296,0.368354734341879,23.3
-2.17780437609674,5.47722557505166,1.5953389880546,1.52854460128936,328.080696273,160103.007,216,0.0577350269189626,4574.296,0.296434583364376,22
-2.2431847497126,5.47722557505166,1.5953389880546,1.52854460128936,226.423307375,275894.451,216,0.0577350269189626,4574.296,0.283980917123532,20.1
-2.05909004543194,5.47722557505166,1.5953389880546,1.52854460128936,261.284780457,474.552,216,0.0577350269189626,4574.296,0.438951281306147,23.7
-1.57949083606615,4.69041575982343,1.76814960358892,1.52321555101344,174.958262857,447697.125,343,0.055048188256318,6967.871,0.282842712474619,17.6
-1.65375559308523,4.69041575982343,1.76814960358892,1.52321555101344,176.086820125,345948.408,343,0.055048188256318,6967.871,0.232747032057864,18.5
-1.62673667701243,4.69041575982343,1.76814960358892,1.52321555101344,241.338911176,496793.088,343,0.055048188256318,6967.871,0.313882410287172,20.5
-1.80551362546072,4.69041575982343,1.76814960358892,1.52321555101344,266.219984737,118370.771,343,0.055048188256318,6967.871,0.324101861776082,24.5
-1.6568964635938,4.69041575982343,1.76814960358892,1.52321555101344,303.193578232,5359.375,343,0.055048188256318,6967.871,0.390434404721515,26.2
-1.96397229187372,4.69041575982343,1.76814960358892,1.52321555101344,272.980543303,2197,343,0.055048188256318,6967.871,0.411693484796309,24.4
-1.54135879162351,4.69041575982343,1.76814960358892,1.52321555101344,266.841219672,704.969,343,0.055048188256318,6967.871,0.52777981396926,24.8
-2.4984783298181,4.69041575982343,1.76814960358892,1.52321555101344,336.717749493,314.432,343,0.055048188256318,6967.871,0.532246295412349,29.6
-0.997121249788704,4.69041575982343,1.76814960358892,1.52321555101344,563.355317979,592.704,343,0.055048188256318,6967.871,0.531494003452734,42.8
-3.0326037483299,8.94427190999916,1.29198368164865,1.59719141249985,227.875211712,32768,1,0.0563436169819011,4410.944,0.390137157320435,21.9
-3.33878612154076,8.94427190999916,1.29198368164865,1.59719141249985,202.882861376,6967.871,1,0.0563436169819011,4410.944,0.328797974610715,20.9
-4.17468731490464,9.48683298050514,1.32175583998232,1.59313246969292,414.160012664,40001.688,27,0.064018439966448,4019.679,0.567047977123743,44
-0.49177491307519,4.47213595499958,1.3787660946991,1.24321963228378,659.411697664,656234.909,125,0.0615457454896664,2197,0.441941738241592,50
-0.410211353733397,4.47213595499958,1.3787660946991,1.24321963228378,394.316595037,1e+06,125,0.0615457454896664,2197,0.358287181950009,36
-0.420604126950968,4.47213595499958,1.3787660946991,1.24321963228378,320.294299688,1e+06,125,0.0615457454896664,2197,0.38069349381344,30.1
-0.615982456464896,4.47213595499958,1.3787660946991,1.24321963228378,373.714754427,547343.432,125,0.0615457454896664,2197,0.322916841860313,33.8
-0.627134746166374,4.47213595499958,1.3787660946991,1.24321963228378,425.259008,714516.984,125,0.0615457454896664,2197,0.371134809512603,43.1
-0.653657272873533,4.47213595499958,1.3787660946991,1.24321963228378,592.280740792,766060.875,125,0.0615457454896664,2197,0.411345034894864,48.8
-0.597709736126834,4.47213595499958,1.3787660946991,1.24321963228378,374.181897816,768575.296,125,0.0615457454896664,2197,0.351364184463153,36.5
-0.272307535345581,4.47213595499958,1.3787660946991,1.24321963228378,171.879616,247673.152,125,0.0615457454896664,2197,0.309344112444873,22.8
-0.615260641902874,4.47213595499958,1.3787660946991,1.31876094679157,416.832723,145531.576,125,0.0615457454896664,2197,0.562543950463012,43.5
-2.40074934178128,4.47213595499958,1.94017947434633,1.46805054878676,207.474688,232608.375,27,0.0669649530182425,6434.856,0.270665980980383,20.7
-1.20677673165867,4.47213595499958,1.94017947434633,1.46805054878676,200.818262016,74618.461,27,0.0669649530182425,6434.856,0.277350098112615,21.1
-2.1663074747015,4.47213595499958,1.94017947434633,1.46805054878676,279.469712872,202262.003,27,0.0669649530182425,6434.856,0.359675000632803,24.4
-1.5056185837951,4.47213595499958,1.94017947434633,1.46805054878676,454.934040371,138991.832,27,0.0669649530182425,6434.856,0.389840587792725,35.2
-2.87457715199752,6.32455532033676,1.85785927093258,1.49570600898853,308.641671512,35611.289,64,0.0627455805138159,5451.776,0.532246295412349,32.4
-2.25675167665087,6.32455532033676,1.85785927093258,1.49570600898853,383.765103163,117649,64,0.0627455805138159,5451.776,0.406557814090871,33.2
-1.55883985967101,4.47213595499958,1.20297230399235,1.50261306226912,316.099579328,33386.248,125,0.0680413817439772,3307.949,0.4540766091865,35.1
-3.33036620090156,4.47213595499958,1.20297230399235,1.50261306226912,478.211768,268336.125,125,0.0680413817439772,3307.949,0.515710623129397,45.4
-3.29548692724004,4.47213595499958,1.20297230399235,1.50261306226912,338.317471232,51478.848,125,0.0680413817439772,3307.949,0.466760028009337,35.4
-2.7921385814845,4.47213595499958,1.20297230399235,1.50261306226912,446.819861125,122763.473,125,0.0680413817439772,3307.949,0.576390417704235,46
-4.19903863333677,9.48683298050514,0.19062035960865,1.57916610463716,497.357839467,15252.992,1,0.0710669054518702,2515.456,0.562543950463012,50
-4.70388615892725,9.48683298050514,1.08856195281461,1.58113883008419,356.099305472,8998.912,1,0.0592348877759092,3581.577,0.356915305124125,32.2
-4.51350299746227,7.41619848709566,0.810930216216329,1.60333841948716,268.710721677,32461.759,1,0.0577350269189626,3581.577,0.348578087187875,22
-3.92967794066687,8.94427190999916,0.56531380905006,1.61164592805076,241.804367,31255.875,1,0.0644156626400831,6028.568,0.278099839077575,20.1
-3.25165731439258,7.24568837309472,1.67147330335355,1.57134840263677,239.367387329,30664.297,216,0.0584206237836986,4574.296,0.37424059428256,23.2
-3.08129016191564,7.24568837309472,1.67147330335355,1.57134840263677,251.837305875,94818.816,216,0.0584206237836986,4574.296,0.362738125055006,22.3
-2.54008115053266,8.94427190999916,1.5993875765806,1.55983653769583,365.219225792,21253.933,64,0.063887656499994,7077.888,0.52999894000318,37.3
-3.32007833037736,8.94427190999916,1.5993875765806,1.55983653769583,291.434247,12812.904,64,0.063887656499994,7077.888,0.461265604014443,27.9
-2.4931404547151,0,2.63332665490627,1.51272255204013,230.008370383,6229.504,64,0.0588235294117647,4096,0.341394370999459,23.9
-2.50115799037405,0,2.63332665490627,1.51272255204013,216.973458729,75686.967,64,0.0588235294117647,4096,0.310086836473021,21.7
-2.0454653261249,0,2.63332665490627,1.51272255204013,297.809977752,30080.231,64,0.0588235294117647,4096,0.399361531915436,28.6
-2.9239699073271,0,2.63332665490627,1.51272255204013,280.882687149,132651,64,0.0588235294117647,4096,0.367855946388855,27.1
-2.73861250668485,8.36660026534076,0.806475865866949,1.58113883008419,255.443513625,8120.601,125,0.052851642258169,3241.792,0.448561304016257,22.5
-2.88939223778266,8.36660026534076,0.806475865866949,1.58113883008419,349.062369921,1000,125,0.052851642258169,3241.792,0.459315212174625,29
-3.1197094533737,8.36660026534076,0.806475865866949,1.58113883008419,324.384314311,106496.424,125,0.052851642258169,3241.792,0.405887479234099,24.8
-3.34189127576475,5.8309518948453,1.80664808172181,1.51969366063391,286.191179,65939.264,343,0.0551317846419971,4173.281,0.324442842261525,22
-2.37881839899363,5.8309518948453,1.80664808172181,1.51969366063391,273.991737375,6229.504,343,0.0551317846419971,4173.281,0.339617805405662,26.4
-2.30258509299405,5.8309518948453,1.80664808172181,1.51969366063391,340.360798168,5545.233,343,0.0551317846419971,4173.281,0.453609211626514,33.1
-2.89769853328263,5.74456264653803,0.779324876800998,1.45555627434895,378.874760256,69426.531,343,0.0671156055214024,6229.504,0.379868588198793,36.1
-2.90424758343181,5.74456264653803,0.779324876800998,1.45555627434895,289.591952896,196122.941,343,0.0671156055214024,6229.504,0.334637240705127,28.4
-2.5898672454245,5.74456264653803,0.779324876800998,1.45555627434895,408.518488,371694.959,343,0.0671156055214024,6229.504,0.393140566985376,33.4
-3.00942560068599,5.74456264653803,0.779324876800998,1.45555627434895,321.278378049,347428.927,343,0.0671156055214024,6229.504,0.364420258539502,28.2
-0.707286673713667,0,2.29253475714054,1.3558153613666,292.094097875,561515.625,64,0.0573539334676404,6229.504,0.469323254463932,22.8
-1.05153788128218,0,2.29253475714054,1.3558153613666,212.990090048,451217.663,64,0.0573539334676404,6229.504,0.316703177609768,20.3
0.969065328591483,0,2.29253475714054,1.3558153613666,122.985915317,54010.152,64,0.0573539334676404,6229.504,0.281271975231506,16.1
-0.23520348080665,0,2.29253475714054,1.3558153613666,229.445727848,147197.952,64,0.0573539334676404,6229.504,0.408930410054765,22.1
-1.3405946818689,0,2.29253475714054,1.3558153613666,218.493534167,738763.264,64,0.0573539334676404,6229.504,0.292103118918493,19.4
-1.31163225681147,0,2.29253475714054,1.3558153613666,246.020429096,567663.552,64,0.0573539334676404,6229.504,0.35578403348241,21.6
-0.99641677635344,0,2.29253475714054,1.3558153613666,283.205086263,665338.617,64,0.0573539334676404,6229.504,0.328266082149306,23.8
-1.37215479756617,0,2.29253475714054,1.3558153613666,185.680777625,469097.433,64,0.0573539334676404,6229.504,0.294883912309794,16.2
-1.14485519984285,0,2.29253475714054,1.3558153613666,206.844491944,575930.368,64,0.0573539334676404,6229.504,0.233570917933526,17.8
-1.4055995121779,0,2.29253475714054,1.3558153613666,193.301071768,368601.813,64,0.0573539334676404,6229.504,0.250470072492812,19.8
-0.911253440356887,0,2.29253475714054,1.3558153613666,259.938374968,303464.448,64,0.0573539334676404,6229.504,0.3106848830006,23.1
-0.743451490469693,0,2.29253475714054,1.3558153613666,228.435284897,203297.472,64,0.0573539334676404,6229.504,0.280275927335605,21
-1.78617509093415,0,1.99877363861238,1.42421822973971,265.351876776,143055.667,125,0.0590281336100955,7529.536,0.372677996249965,23.8
-1.70600388041043,0,1.99877363861238,1.42421822973971,259.205925376,160103.007,125,0.0590281336100955,7529.536,0.381523796858258,23.1
-1.04657027464107,0,1.99877363861238,1.42421822973971,220.458326921,124251.499,125,0.0590281336100955,7529.536,0.360374985078224,20.4
-1.2590627706439,0,1.99877363861238,1.42421822973971,185.973854912,410172.407,125,0.0590281336100955,7529.536,0.29185420270889,18.5
-1.07560890690315,0,1.99877363861238,1.42421822973971,263.991523375,64481.201,125,0.0590281336100955,7529.536,0.404226041727222,25
-1.65098933959234,0,1.99877363861238,1.42421822973971,265.971760991,3176.523,125,0.0590281336100955,7529.536,0.443678254708057,24.6
-1.19247252015573,0,1.99877363861238,1.42421822973971,251.478563328,24137.569,125,0.0590281336100955,7529.536,0.403238919272756,23
-1.42283387191084,0,1.99877363861238,1.42421822973971,225.088573787,83453.453,125,0.0590281336100955,7529.536,0.279617744210284,22.2
-2.69948697044172,0,1.17557332980424,1.47441956154897,253.996928037,5088.448,64,0.0482242822170412,4826.809,0.369106735262781,22.6
-3.09136250456924,0,1.17557332980424,1.47441956154897,231.928233984,33386.248,64,0.0482242822170412,4826.809,0.33167906340333,19.8
-2.99114282122018,5.91607978309962,1.80170980008122,1.51116723056092,185.778435816,22906.304,1,0.0573539334676404,4826.809,0.2836380138987,17.1
-2.97926854752333,0,1.6467336971778,1.39346602858324,251.956962496,55306.341,125,0.0668153104781061,8242.408,0.419590679148345,22.2
-3.22867366734831,0,1.6467336971778,1.39346602858324,220.020692653,41063.625,125,0.0668153104781061,8242.408,0.353332626668787,21.1
-3.37348494309562,0,1.6467336971778,1.39346602858324,202.158649909,99252.847,125,0.0668153104781061,8242.408,0.31943828249997,19.5
-3.49298377729286,0,1.6467336971778,1.39346602858324,204.857292375,211708.736,125,0.0668153104781061,8242.408,0.307728727448332,18.5
-3.40943118658926,0,1.6467336971778,1.39346602858324,222.434863379,51895.117,125,0.0668153104781061,8242.408,0.34279558509553,20.6
-2.90096769710957,0,1.6467336971778,1.39346602858324,214.384046625,93576.664,125,0.0668153104781061,8242.408,0.320420668056001,19
-2.78855551576186,0,1.6467336971778,1.39346602858324,212.562399232,200201.625,125,0.0668153104781061,8242.408,0.328089357462393,18.7
-4.34203698645772,5.91607978309962,0.418710334858185,1.50414209399047,379.660698521,119823.157,1,0.0593390829096927,3723.875,0.42678959977632,32.7
-3.67182569954811,7.41619848709566,1.3297240096315,1.43739893644017,300.224641536,179406.144,125,0.0519875244910036,5451.776,0.373196685431038,23.9
-3.46958329452862,0,1.47932922708708,1.50414209399047,217.515530744,114084.125,27,0.0533001790889026,6644.672,0.308166775680683,17.5
-2.78676878581361,0,1.47932922708708,1.50414209399047,205.170210792,143055.667,27,0.0533001790889026,6644.672,0.280938780277154,17.2
-3.9792317551216,9.21954445729289,1.42310833424261,1.52676204138115,276.657996096,21253.933,64,0.0533760512683624,5735.339,0.396525792859072,23.1
-4.19903863333677,8.94427190999916,0.698134722070984,1.51619608715781,292.094097875,26198.073,64,0.0597614304667197,4913,0.408588923222718,24.5
-3.54080433604857,6.32455532033676,0.22314355131421,1.52676204138115,334.110914019,41063.625,1,0.0546358364708153,7645.373,0.412042821715165,26.6
-2.77884827241093,6.32455532033676,0.22314355131421,1.52676204138115,273.359449,87528.384,1,0.0546358364708153,7645.373,0.408930410054765,22.9
-2.53199825732185,7.74596669241483,0.524728528934982,1.55983653769583,284.760442539,46268.279,64,0.049326362366699,6128.487,0.42678959977632,24.1
-2.62499664596692,7.74596669241483,0.524728528934982,1.55983653769583,203.712647104,6331.625,64,0.049326362366699,6128.487,0.358287181950009,18.6
-4.06926178185464,9.48683298050514,0.703097511413113,1.56173761888606,304.549540352,47045.881,125,0.0731272424127131,4913,0.471404520791032,30.1
-3.14632263218649,8.94427190999916,0.647103242058538,1.55605511022369,181.609969247,10503.459,64,0.0547175655164583,10648,0.352453688425121,18.2
-2.23876558028109,8.94427190999916,0.647103242058538,1.55605511022369,209.161465856,7414.875,64,0.0547175655164583,10648,0.423713598607036,20.6
2.19532944938176,0,2.89591193827178,1.13960576459638,239.714520128,924010.424,13824,0.0387492129146064,8242.408,0.238365647311398,17.8
1.44957662474632,0,2.89591193827178,1.13960576459638,228.323196928,537367.797,13824,0.0387492129146064,8242.408,0.280938780277154,22.6
1.51334983014208,0,2.89591193827178,1.13960576459638,261.898316792,681472,13824,0.0387492129146064,8242.408,0.358287181950009,25
1.34464911115118,0,2.89591193827178,1.13960576459638,244.257831251,756058.031,13824,0.0387492129146064,8242.408,0.265465936600949,19.9
1.30242893951019,0,2.89591193827178,1.13960576459638,154.163097928,890277.128,13824,0.0387492129146064,8242.408,0.313265744838319,20.8
1.44040131844278,0,2.89591193827178,1.13960576459638,195.414916627,704969,13824,0.0387492129146064,8242.408,0.261354186744658,16.8
1.24538726330446,0,2.89591193827178,1.18015154118746,676.836152,569722.789,13824,0.0387492129146064,8242.408,0.434782608695652,21.9
1.51641651137626,0,2.89591193827178,1.18015154118746,45.156047481,679151.439,13824,0.0387492129146064,8242.408,0.374765844497931,27.5
1.30750815538373,0,2.89591193827178,1.18015154118746,122.245484347,763551.944,13824,0.0387492129146064,8242.408,0.267261241912424,21.9
2.60433277927054,0,2.89591193827178,1.2588828594761,57.646656647,1e+06,13824,0.0387492129146064,8242.408,0.273895517832388,23.1
1.73518559039658,0,2.89591193827178,1.2588828594761,298.479413987,907039.232,13824,0.0387492129146064,8242.408,0.517780373078498,50
2.22270820490502,0,2.89591193827178,1.2588828594761,240.177885696,1e+06,13824,0.0387492129146064,8242.408,0.323931774195868,50
2.1123019265294,0,2.89591193827178,1.22352196058099,202.779296875,719323.136,13824,0.0387492129146064,8242.408,0.335578027607012,50
2.40767457192474,0,2.89591193827178,1.22352196058099,118.081709416,1e+06,13824,0.0387492129146064,8242.408,0.169588990368773,13.8
2.97599374420349,0,2.89591193827178,1.22078375059746,391.099013297,938313.739,13824,0.0387492129146064,8242.408,0.27277236279499,15
2.72706820693797,0,2.89591193827178,1.22078375059746,293.946977449,812166.237,13824,0.0387492129146064,8242.408,0.207434953411256,13.9
3.16328700210486,0,2.89591193827178,1.22078375059746,259.694072,890277.128,13824,0.0387492129146064,8242.408,0.205455357089708,13.1
2.88293864507855,0,2.89591193827178,1.22078375059746,240.990211567,1e+06,13824,0.0387492129146064,8242.408,0.214274782177742,10.2
4.48836891823984,0,2.89591193827178,1.22078375059746,338.317471232,776151.559,13824,0.0387492129146064,8242.408,0.241051348200948,10.4
2.21779161827618,0,2.89591193827178,1.19522860933439,169.663430656,1e+06,13824,0.0387492129146064,8242.408,0.205846742398155,11.3
2.07850109960278,0,2.89591193827178,1.19522860933439,168.196608,1e+06,13824,0.0387492129146064,8242.408,0.201783578067815,12.3
2.99996828895892,0,2.89591193827178,1.19522860933439,83.338924032,758550.528,13824,0.0387492129146064,8242.408,0.180686831237633,8.8
2.82208102080754,0,2.89591193827178,1.19522860933439,146.947188933,944076.141,13824,0.0387492129146064,8242.408,0.180158248443725,7.2
3.19432900165004,0,2.89591193827178,1.19522860933439,100.674415808,1e+06,13824,0.0387492129146064,8242.408,0.18804435361115,10.5
2.6626134080936,0,2.89591193827178,1.19522860933439,116.214272,1e+06,13824,0.0387492129146064,8242.408,0.180716333536994,10.2
1.94048833469004,0,2.89591193827178,1.19522860933439,186.463002097,912673,13824,0.0387492129146064,8242.408,0.241754738514862,15.1
1.66639463926993,0,2.89591193827178,1.19522860933439,221.554950651,561515.625,13824,0.0387492129146064,8242.408,0.230878548269805,23.2
2.44909810854921,0,2.89591193827178,1.19522860933439,127.719486656,912673,13824,0.0387492129146064,8242.408,0.197334259490965,9.7
2.15695335703792,0,2.89591193827178,1.20124995026075,237.521671057,794022.776,13824,0.0387492129146064,8242.408,0.256748082981548,13.8
2.59225019793657,0,2.89591193827178,1.20124995026075,204.024399103,849278.123,13824,0.0387492129146064,8242.408,0.247309683414749,12.7
2.16524646202657,0,2.89591193827178,1.20124995026075,270.965625111,964430.272,13824,0.0387492129146064,8242.408,0.241684122261416,13.1
1.77020380626234,0,2.89591193827178,1.20124995026075,262.758880125,884736,13824,0.0387492129146064,8242.408,0.227214053532941,12.5
2.03757994445991,0,2.89591193827178,1.20124995026075,189.811967723,967361.669,13824,0.0387492129146064,8242.408,0.22405535747411,8.5
3.64680146282653,0,2.89591193827178,1.20124995026075,162.146094677,1e+06,13824,0.0387492129146064,8242.408,0.18080492721837,5
2.29420507854844,0,2.89591193827178,1.20124995026075,200.407030208,470910.952,13824,0.0387492129146064,8242.408,0.182665541450397,6.3
3.22071812678739,0,2.89591193827178,1.20124995026075,214.599039803,1e+06,13824,0.0387492129146064,8242.408,0.193275058950714,5.6
2.6557880164394,0,2.89591193827178,1.20124995026075,255.202035607,1e+06,13824,0.0387492129146064,8242.408,0.221839127354028,7.2
2.2613161235954,0,2.89591193827178,1.20124995026075,262.635827264,1e+06,13824,0.0387492129146064,8242.408,0.221893733909281,12.1
3.2109121992087,0,2.89591193827178,1.20124995026075,153.044523549,884736,13824,0.0387492129146064,8242.408,0.224903733691611,8.3
4.21834232049674,0,2.89591193827178,1.20124995026075,183.540946987,1e+06,13824,0.0387492129146064,8242.408,0.208605131665916,5
3.03091600288847,0,2.89591193827178,1.2318484821003,70.855156072,1e+06,13824,0.0387492129146064,8242.408,0.206990099900277,11.9
2.48082332435036,0,2.89591193827178,1.2318484821003,176.369715712,1e+06,13824,0.0387492129146064,8242.408,0.287124068710107,27.9
2.00200553776674,0,2.89591193827178,1.2942340885817,177.220220113,938313.739,13824,0.0387492129146064,8242.408,0.194624736040381,17.2
2.66988439800228,0,2.89591193827178,1.2942340885817,321.700742208,1e+06,13824,0.0387492129146064,8242.408,0.224846875206644,27.5
3.93448483899724,0,2.89591193827178,1.2942340885817,190.804533093,1e+06,13824,0.0387492129146064,8242.408,0.31450273186122,15
2.93444180511088,0,2.89591193827178,1.2942340885817,99.124281152,1e+06,13824,0.0387492129146064,8242.408,0.170572978843175,17.9
3.35535586595285,0,2.89591193827178,1.2942340885817,136.989098875,1e+06,13824,0.0387492129146064,8242.408,0.223160921338726,16.3
2.38270779746775,0,2.89591193827178,1.21357078494567,311.941643768,748613.312,13824,0.0387492129146064,8242.408,0.196912972866919,7.5
3.25580930892149,0,2.89591193827178,1.21357078494567,149.214334464,707347.971,13824,0.0387492129146064,8242.408,0.193746064573032,10.4
4.29774924420755,0,2.89591193827178,1.21357078494567,211.389202493,1e+06,13824,0.0387492129146064,8242.408,0.220219447909655,8.8
2.4058093284293,0,2.89591193827178,1.18015154118746,263.498004531,1e+06,13824,0.0387492129146064,8242.408,0.258026929095554,16.7
2.48891527118536,0,2.89591193827178,1.27619140222539,180.170657792,672221.376,13824,0.0387492129146064,8242.408,0.266311820645654,20.8
1.95308718951777,0,2.89591193827178,1.27619140222539,227.316054727,616295.051,13824,0.0387492129146064,8242.408,0.207212168518912,13.4
2.17385586577979,0,2.89591193827178,1.30855980647553,172.343737125,351895.816,13824,0.0387492129146064,8242.408,0.241402274792634,11.7
2.50529733943573,0,2.89591193827178,1.30855980647553,198.869911253,212776.173,13824,0.0387492129146064,8242.408,0.252457645893414,10.2
3.62864897336371,0,2.89591193827178,1.21357078494567,238.558714408,487443.403,13824,0.0387492129146064,8242.408,0.262431940540739,10.9
2.2341874014952,0,2.89591193827178,1.21357078494567,259.694072,873722.816,13824,0.0387492129146064,8242.408,0.203784786484806,9.5
2.13913985224951,0,2.89591193827178,1.30855980647553,255.806016192,638277.381,13824,0.0387492129146064,8242.408,0.238095238095238,14.5
2.30879576677076,0,2.89591193827178,1.30855980647553,319.032011537,838561.807,13824,0.0387492129146064,8242.408,0.225360159800242,14.1
1.86315722444043,0,2.89591193827178,1.30855980647553,265.228015625,418508.992,13824,0.0387492129146064,8242.408,0.288314965852446,16.1
1.71938051428274,0,2.89591193827178,1.18428229074808,266.592609856,679151.439,13824,0.0387492129146064,8242.408,0.248298773928511,14.3
2.63285240453631,0,2.89591193827178,1.18428229074808,239.251750912,857375,13824,0.0387492129146064,8242.408,0.256748082981548,11.7
2.41237179860475,0,2.89591193827178,1.16247638743819,291.302396189,846590.536,13824,0.0387492129146064,8242.408,0.207301196307561,13.4
2.66867160882001,0,2.89591193827178,1.16247638743819,269.711350181,812166.237,13824,0.0387492129146064,8242.408,0.235375576578925,9.6
2.71979430172596,0,2.89591193827178,1.16247638743819,232.835383808,1e+06,13824,0.0387492129146064,8242.408,0.194440693695634,8.7
2.61579601365956,0,2.89591193827178,1.16247638743819,209.055775375,679151.439,13824,0.0387492129146064,8242.408,0.171448166624547,8.4
2.23971238362132,0,2.89591193827178,1.16247638743819,178.168426883,827936.019,13824,0.0387492129146064,8242.408,0.209060502501773,12.8
3.09336248726987,0,2.89591193827178,1.16247638743819,196.934203432,788889.024,13824,0.0387492129146064,8242.408,0.212669705029557,10.5
2.27461556718342,0,2.89591193827178,1.16247638743819,262.881971416,918330.048,13824,0.0387492129146064,8242.408,0.226339365106296,17.1
1.73454870107647,0,2.89591193827178,1.16247638743819,240.525801459,1e+06,13824,0.0387492129146064,8242.408,0.245514308070118,18.4
2.29923348261767,0,2.89591193827178,1.16247638743819,272.728134125,1e+06,13824,0.0387492129146064,8242.408,0.230326719852439,15.4
2.54962484228371,0,2.89591193827178,1.16247638743819,200.612575864,901428.696,13824,0.0387492129146064,8242.408,0.205023092026182,10.8
2.36760474836797,0,2.89591193827178,1.16247638743819,269.460960579,851971.392,13824,0.0387492129146064,8242.408,0.204209250153383,11.8
1.83865418738046,0,2.89591193827178,1.16247638743819,254.960709821,895841.344,13824,0.0387492129146064,8242.408,0.237089339055235,14.9
2.23313747526855,0,2.89591193827178,1.18428229074808,236.602381625,961504.803,13824,0.0387492129146064,8242.408,0.23485569615051,14.1
2.01836502089744,0,2.89591193827178,1.18428229074808,264.238513713,949862.087,13824,0.0387492129146064,8242.408,0.227566779313515,13
1.90474881125035,0,2.89591193827178,1.18428229074808,307.410207749,794022.776,13824,0.0387492129146064,8242.408,0.239456571305288,13.4
1.693988597737,0,2.89591193827178,1.18428229074808,294.743461375,946966.168,13824,0.0387492129146064,8242.408,0.237490166626365,15.2
1.62731122882592,0,2.89591193827178,1.18428229074808,249.689960073,773620.632,13824,0.0387492129146064,8242.408,0.240632249625711,16.1
2.1099816583913,0,2.89591193827178,1.18428229074808,404.075127457,979146.657,13824,0.0387492129146064,8242.408,0.244411858368922,17.8
1.55864344098212,0,2.89591193827178,1.18428229074808,277.805953125,647214.625,13824,0.0387492129146064,8242.408,0.23485569615051,14.1
1.54090850495968,0,2.89591193827178,1.18428229074808,213.418354176,679151.439,13824,0.0387492129146064,8242.408,0.229355385129844,12.7
2.10420488347616,0,2.89591193827178,1.18428229074808,209.161465856,517781.627,13824,0.0387492129146064,8242.408,0.242964765374931,13.5
2.04798054391097,0,2.89591193827178,1.18428229074808,250.166088901,586376.253,13824,0.0387492129146064,8242.408,0.248222268373182,14.9
1.91709465620517,0,2.89591193827178,1.18428229074808,224.866629441,601211.584,13824,0.0387492129146064,8242.408,0.260820265478651,20
1.57113981354136,0,2.89591193827178,1.18428229074808,300.897690101,729000,13824,0.0387492129146064,8242.408,0.246781968201642,16.4
1.89535643073801,0,2.89591193827178,1.18428229074808,252.076657013,571787,13824,0.0387492129146064,8242.408,0.267356743520587,19.5
1.76149783672584,0,2.89591193827178,1.18428229074808,276.276047697,726572.699,13824,0.0387492129146064,8242.408,0.311739843194275,20.2
2.05915209590677,0,2.89591193827178,1.23560412643043,239.367387329,279726.264,13824,0.0387492129146064,8242.408,0.275032662068046,21.4
1.15171061966313,0,2.89591193827178,1.23560412643043,191.003460479,111980.168,13824,0.0387492129146064,8242.408,0.266028961489207,19.9
1.48665540019546,0,2.89591193827178,1.30855980647553,216.324162027,843908.625,13824,0.0387492129146064,8242.408,0.216574040912105,19.1
2.7457120074838,0,2.89591193827178,1.31306432859723,208.106162776,357911,13824,0.0387492129146064,8242.408,0.23485569615051,19.1
2.5707096581053,0,2.89591193827178,1.31306432859723,186.463002097,182284.263,13824,0.0387492129146064,8242.408,0.260289603147677,20.1
1.46989764548713,0,2.89591193827178,1.31306432859723,234.542659463,592704,13824,0.0387492129146064,8242.408,0.247764715415722,19.9
1.39585105014985,0,2.89591193827178,1.3710212427677,241.687946989,746142.643,13824,0.0387492129146064,8242.408,0.27874733666903,19.6
1.53619817863696,0,2.89591193827178,1.27619140222539,340.068392,308915.776,13824,0.0387492129146064,8242.408,0.292853706328711,29.8
2.08639108754919,0,2.89591193827178,1.30855980647553,159.837789483,868250.664,13824,0.0387492129146064,8242.408,0.234790953021465,13.8
1.85522241213869,0,2.89591193827178,1.30855980647553,233.972643528,924010.424,13824,0.0387492129146064,8242.408,0.203700210931678,13.3
1.58338342291018,0,2.89591193827178,1.27619140222539,272.601987904,820025.856,13824,0.0387492129146064,8242.408,0.231372406691374,16.7
2.7096089855662,0,2.89591193827178,1.27619140222539,149.214334464,921167.317,13824,0.0387492129146064,8242.408,0.200360974925215,12
2.32561779210462,0,2.89591193827178,1.27619140222539,236.602381625,904231.063,13824,0.0387492129146064,8242.408,0.235506087027866,14.6
2.6626134080936,0,2.89591193827178,1.27619140222539,241.687946989,681472,13824,0.0387492129146064,8242.408,0.276184088333054,21.4
1.76198902792588,0,2.89591193827178,1.3710212427677,243.204324488,270840.023,13824,0.0387492129146064,8242.408,0.305139098848677,23
1.74190023380554,0,2.89591193827178,1.3710212427677,307.546875,420189.749,13824,0.0387492129146064,8242.408,0.359442577344795,23.7
1.74591795351875,0,2.89591193827178,1.3710212427677,352.045367981,456533,13824,0.0387492129146064,8242.408,0.377694787300249,25
0.866499466770358,0,2.89591193827178,1.30968158962752,202.365391311,73560.059,13824,0.0387492129146064,8242.408,0.273792839096697,20.6
1.73901775796999,0,2.89591193827178,1.30968158962752,228.547409544,508169.592,13824,0.0387492129146064,8242.408,0.258371194664401,19.1
1.57601969221081,0,2.89591193827178,1.30968158962752,205.901592625,150568.768,13824,0.0387492129146064,8242.408,0.295527062282771,20.6
-1.69624930942106,0,3.32287541488669,1.28141957406415,158.691897944,949862.087,64,0.0375029300308675,8120.601,0.204251842551417,7
-1.57281672897846,0,3.32287541488669,1.28141957406415,132.105539357,941192,64,0.0375029300308675,8120.601,0.183555774553588,8.1
-2.24677202817483,0,3.32287541488669,1.28141957406415,214.169197087,964430.272,64,0.0375029300308675,8120.601,0.235245282864773,13.6
-1.75267338052085,0,2.27109442590267,1.30744090092123,185.876128243,157464,216,0.0505721737424174,7077.888,0.288554928412381,21.8
-1.27450257051646,0,2.27109442590267,1.30744090092123,208.106162776,77308.776,216,0.0505721737424174,7077.888,0.271262819590386,24.5
-1.72042534062373,0,2.27109442590267,1.30744090092123,182.284263,23887.872,216,0.0505721737424174,7077.888,0.238365647311398,23.1
-1.31535139230933,0,2.27109442590267,1.30744090092123,194.507106184,351895.816,216,0.0505721737424174,7077.888,0.266311820645654,18.3
-1.43078976100645,0,2.27109442590267,1.30744090092123,218.058504859,278445.077,216,0.0505721737424174,7077.888,0.278207442037329,21.2
-1.72692724122657,0,2.27109442590267,1.30744090092123,172.715635009,397065.375,216,0.0505721737424174,7077.888,0.257342506327489,17.5
-1.49441423586532,0,2.27109442590267,1.30744090092123,218.929141683,506261.573,216,0.0505721737424174,7077.888,0.264165990659424,16.8
-2.77051088244482,0,2.47905623610982,1.32106044452185,286.582209857,329939.371,1,0.0605227532668802,9261,0.321578320692166,22.4
-3.09511071753427,0,2.47905623610982,1.32106044452185,229.220928,451217.663,1,0.0605227532668802,9261,0.331861655799986,20.6
-2.80082360125457,0,2.47905623610982,1.32106044452185,339.484082176,753571,1,0.0605227532668802,9261,0.421075960533259,23.9
-2.21100914950684,0,2.47905623610982,1.32106044452185,313.600414184,712121.957,1,0.0605227532668802,9261,0.392837100659193,22
-3.04892210206811,0,2.47905623610982,1.32106044452185,219.256227,527514.112,1,0.0605227532668802,9261,0.356235249939548,11.9
